Категория,Наименование,Код товара,Цена,Цена со скидкой,Статус
Мясорубки,Электромясорубка Maunfeld MMG.2000BRSV,20056620,3 990¤,,В наличии
Мясорубки,Электромясорубка Maunfeld MMG.3000S,20056622,9 990¤,8 990¤,В наличии
Мясорубки,Электромясорубка Maunfeld MMG.2000W,20056621,4 990¤,,В наличии
Встраиваемые панели,Встраиваемая индукционная панель Maunfeld EVI.594.FL2(S)-BG,20056890,33 490¤,,В наличии
Встраиваемые панели,Встраив. газовая панель Maunfeld EGHG.64.23CW/G,20055035,16 490¤,,В наличии
Встраиваемые панели,Встраиваемая электрическая панель Maunfeld EVCE.594.SM.D-BK,20054972,12 990¤,,В наличии
Встраиваемые панели,Встраиваемая индукционная панель Maunfeld EVI.594-FL2-BK,20054967,24 490¤,,В наличии
Встраиваемые панели,Встраив. газовая панель Maunfeld EGHS.64.33CS/G,20055048,14 990¤,,В наличии
Встраиваемые панели,Встраив. газовая панель Maunfeld EGHG.64.2CB/G Black,20055036,14 990¤,,В наличии
Встраиваемые панели,Встраив. газовая панель Maunfeld EGHG.43.33CB/G,20056888,14 990¤,,В наличии
Встраиваемые панели,Встраив. газовая панель Maunfeld EGHG.64.33CBG/G,20055039,18 490¤,,В наличии
Встраиваемые панели,Встраив. газовая панель Maunfeld EGHE.64.3EW/G,20056384,11 990¤,,В наличии
Встраиваемые панели,Встраив. газовая панель Maunfeld EGHG.64.3CB/G,20055040,15 990¤,,В наличии
Встраиваемые панели,Встраиваемая электрическая панель Maunfeld MVCE59.4HL.1SM1DZT-BK Black,20054957,29 990¤,,В наличии
Встраиваемые панели,Встраиваемая электрическая панель Maunfeld MVCE31.2HL.SZ-BK Black,20054963,14 990¤,,В наличии
Встраиваемые панели,Встраиваемая индукционная панель Maunfeld EVI.594-BG,20056381,28 990¤,,В наличии
Встраиваемые панели,Встраив. модульная газ. панель Maunfeld EGHG.32.3CW/G,20055033,9 990¤,,В наличии
Встраиваемые панели,Встраив. модульная газ. панель Maunfeld EGHE.32.3EW/G White,20055043,7 990¤,,В наличии
Встраиваемые панели,Встраив. газовая панель Maunfeld EGHG.43.23CW/G,20067884,15 990¤,,В наличии
Встраиваемые панели,Встраив. газовая панель Maunfeld EGHS.75.33CS/G,20060854,21 490¤,,В наличии
Встраиваемые панели,Встраив. газовая панель Maunfeld EGHS.64.3ES,20055050,9 990¤,,В наличии
Встраиваемые панели,Встраив. газовая панель Maunfeld EGHG.64.1CB/G,20055034,14 990¤,,В наличии
Встраиваемые панели,Встраив. газовая панель Maunfeld EGHG.43.33CW/G,20056889,15 490¤,,В наличии
Встраиваемые панели,Встраив. газовая панель Maunfeld EGHE.64.3CB/G,20056385,13 490¤,,В наличии
Встраиваемые панели,Встраив. газовая панель Maunfeld EGHS.64.3CS/G,20055049,13 990¤,,В наличии
Встраиваемые панели,Встраив. газовая панель Maunfeld MGHG 64 76B,20054997,22 490¤,,В наличии
Встраиваемые панели,Встраив. газовая панель Maunfeld EGHG.64.43CB/G,20065063,17 990¤,,В наличии
Встраиваемые панели,Встраив. модульная газ. панель Maunfeld EGHG.32.1CB/G,20055026,8 990¤,,В наличии
Встраиваемые панели,Встраив. газовая панель Maunfeld EGHG.64.2CW/G,20055037,15 490¤,,В наличии
Встраиваемые панели,Встраив. газовая панель Maunfeld EGHS.64.3ES/G,20055051,12 490¤,,В наличии
Встраиваемые панели,Встраив. газовая панель Maunfeld EGHG.64.1СW/G,20065182,15 490¤,,В наличии
Встраиваемые панели,Встраив. газовая панель Maunfeld MGHE 64 74RIB,20055018,19 990¤,,В наличии
Встраиваемые панели,Встраив. газовая панель Maunfeld EGHE.64.33CBG.R/G,20055044,16 990¤,,В наличии
Встраиваемые панели,Встраив. газовая панель Maunfeld EGHE.43.33CBG.R/G,20064994,14 990¤,,В наличии
Встраиваемые панели,Встраив. газовая панель Maunfeld MGHG.75.13RILB,20065192,27 990¤,,В наличии
Встраиваемые панели,Встраив. газовая панель Maunfeld MGHE 64 74RIG,20055019,19 990¤,,В наличии
Встраиваемые панели,Встраив. газовая панель Maunfeld MGHG 64 17B,20054993,16 390¤,,В наличии
Встраиваемые панели,Встраив. газовая панель Maunfeld MGHE.64.74RWAS,20065186,21 990¤,,В наличии
Встраиваемые панели,Встраив. газовая панель Maunfeld MGHG 64 17RIB,20055020,23 490¤,,В наличии
Встраиваемые панели,Встраив. газовая панель Maunfeld MGHE.75.78W,20065190,22 490¤,,В наличии
Встраиваемые панели,Встраив. газовая панель Maunfeld MGHG 53 19B,20054992,18 990¤,,В наличии
Встраиваемые панели,Встраив. газовая панель Maunfeld MGHS 64 74S,20055014,20 490¤,,В наличии
Встраиваемые панели,Встраив. газовая панель Maunfeld MGHG 75 13W,20055002,26 990¤,,В наличии
Встраиваемые панели,Встраив. газовая панель Maunfeld MGHG 64 76IL,20055054,23 990¤,,В наличии
Встраиваемые панели,Встраив. газовая панель Maunfeld EGHE.64.3EB/G,20055045,11 990¤,,В наличии
Встраиваемые панели,Встраив. газовая панель Maunfeld EGHE.43.33CW/G,20056887,12 990¤,,В наличии
Встраиваемые панели,Встраив. газовая панель Maunfeld EGHG.64.43CW/G,20060852,18 490¤,,В наличии
Встраиваемые панели,Встраив. газовая панель Maunfeld EGHS.95.33CS/G,20060855,21 990¤,,В наличии
Встраиваемые панели,Встраив. газовая панель Maunfeld EGHS.64.43CS/G,20060853,15 990¤,,В наличии
Встраиваемые панели,Встраив. газовая панель Maunfeld EGHE.64.3CW/G,20056386,13 490¤,,В наличии
Встраиваемые панели,Встраив. газовая панель Maunfeld MGHG 64 17W White,20054996,23 990¤,,В наличии
Встраиваемые панели,Встраив. газовая панель Maunfeld EGHS.64.33CSD/G,20066606,14 790¤,,В наличии
Встраиваемые панели,Встраив. газовая панель Maunfeld EGHE.75.33CB/G,20060846,20 990¤,,В наличии
Встраиваемые панели,Встраив. газовая панель Maunfeld EGHS.43.33CS/G,20056885,13 490¤,,В наличии
Встраиваемые панели,Встраив. газовая панель Maunfeld EGHS.43.33CSD/G,20066605,13 390¤,,В наличии
Встраиваемые панели,Встраив. газовая панель Maunfeld EGHG.64.43CBG/G,20060851,18 490¤,,В наличии
Встраиваемые панели,Встраив. газовая панель Maunfeld EGHG.43.33CBG/G,20066616,15 490¤,,В наличии
Встраиваемые панели,Встраив. газовая панель Maunfeld EGHG.64.2CBGI/G,20065183,15 490¤,,В наличии
Встраиваемые панели,Встраив. газовая панель Maunfeld EGHE.75.33CW/G,20056892,20 990¤,,В наличии
Встраиваемые панели,Встраив. модульная газ. панель Maunfeld EGHG.31.33CW/G,20064999,10 990¤,,В наличии
Встраиваемые панели,Встраив. модульная газ. панель Maunfeld EGHS.32.3ESD/G,20067885,8 490¤,,В наличии
Встраиваемые панели,Встраив. модульная газ. панель Maunfeld EGHG.32.2CB/G,20055029,9 290¤,,В наличии
Встраиваемые панели,Встраив. газовая панель Maunfeld EGHG.64.33CBG.R/G,20055038,19 490¤,,В наличии
Встраиваемые панели,Встраив. модульная газ. панель Maunfeld EGHG.32.3CBG/G,20055032,9 990¤,,В наличии
Встраиваемые панели,Встраив. газовая панель Maunfeld EGHG.43.33CB2/G,20066615,14 990¤,,В наличии
Встраиваемые панели,Встраив. газовая панель Maunfeld EGHE.95.33CBG.R/G,20064997,25 990¤,,В наличии
Встраиваемые панели,Встраив. газовая панель Maunfeld EGHG.64.33CB2/G,20066604,17 990¤,,В наличии
Встраиваемые панели,Встраив. модульная газ. панель Maunfeld EGHG.32.3CBGI/G,20065180,9 990¤,,В наличии
Встраиваемые панели,Встраив. газовая панель Maunfeld EGHE.64.33CB2/G,20066614,15 990¤,,В наличии
Встраиваемые панели,Встраив. модульная газ. панель Maunfeld EGHG.32.1CW/G White,20055027,9 490¤,,В наличии
Встраиваемые панели,Встраив. газовая панель Maunfeld EGHG.64.3CW/G White Glass,20055041,16 990¤,,В наличии
Встраиваемые панели,Встраив. газовая панель Maunfeld EGHE.75.33CBG2.R/G,20064996,23 990¤,,В наличии
Встраиваемые панели,Встраив. газовая панель Maunfeld EGHE.75.33CBG1.R/G,20064995,23 990¤,,В наличии
Встраиваемые панели,Встраиваемая индукционная панель Maunfeld MVI59.2FL-BK,20065221,41 990¤,,В наличии
Встраиваемые панели,Встраиваемая индукционная панель Maunfeld MVI59.4HZ.2BT-BK Black,20054952,30 490¤,,В наличии
Встраиваемые панели,Встраив. модульная эл. панель Maunfeld EVCE.292F.D-BK,20065225,8 490¤,,В наличии
Встраиваемые панели,Встраиваемая электрическая панель Maunfeld EEHE.64.4B,20056894,11 990¤,,В наличии
Встраиваемые панели,Встраиваемая электрическая панель Maunfeld EEHS.64.4S,20054978,11 990¤,,В наличии
Встраиваемые панели,Встраиваемая электрическая панель Maunfeld EVCE.594F.D-BK,20065226,14 990¤,,В наличии
Встраиваемые панели,Встраив. модульная эл. панель Maunfeld EEHE.32.4W White,20054976,6 490¤,,В наличии
Встраиваемые панели,Встраиваемая электрическая панель Maunfeld MVCE45.3HL.SZ-WH White,20054962,27 490¤,,В наличии
Встраиваемые панели,Встраиваемая электрическая панель Maunfeld MVCE59.4HL.SZ-BK Black,20054959,21 990¤,,В наличии
Встраиваемые панели,Встраиваемая комбинированная панель Maunfeld EEHE.64.5EB/KG,20065224,12 490¤,,В наличии
Встраиваемые панели,Встраиваемая комбинированная панель Maunfeld EEHS.64.5ES/KG,20060856,12 990¤,,В наличии
Встраиваемые панели,Встраиваемая индукционная панель Maunfeld EVI.594-BK,20054966,16 990¤,,Товар временно отсутствует в продаже
Встраиваемые панели,Встраиваемая электрическая панель Maunfeld MVCE45.3HL.SZ-BK Black,20054961,19 990¤,,Товар временно отсутствует в продаже
Встраиваемые панели,Встраиваемая индукционная панель Maunfeld EVI.594-WH,20056383,31 490¤,,Товар временно отсутствует в продаже
Встраиваемые панели,Встраив. модульная газ. панель Maunfeld EGHE.32.3EB/G,20055042,7 990¤,,Товар временно отсутствует в продаже
Встраиваемые панели,Встраив. газовая панель Maunfeld EGHE.43.33CB/G,20056886,12 290¤,,Товар временно отсутствует в продаже
Встраиваемые панели,Встраиваемая электрическая панель Maunfeld MVCE59.4HL.SZ-WH White,20054960,31 490¤,,Товар временно отсутствует в продаже
Встраиваемые панели,Встраив. газовая панель Maunfeld MGHS 64 72S,20055013,18 490¤,,Товар временно отсутствует в продаже
Встраиваемые панели,Встраив. газовая панель Maunfeld MGHS 64 62S,20055012,12 490¤,,Товар временно отсутствует в продаже
Встраиваемые панели,Встраив. газовая панель Maunfeld MGHG 43 12B,20054990,17 990¤,,Товар временно отсутствует в продаже
Встраиваемые панели,Встраив. модульная газ. панель Maunfeld EGHS.32.3ES,20055046,5 990¤,,Товар временно отсутствует в продаже
Встраиваемые панели,Встраив. газовая панель Maunfeld MGHG 43.12W White,20054991,18 190¤,,Товар временно отсутствует в продаже
Встраиваемые панели,Встраив. модульная газ. панель Maunfeld MGHE.32.73W,20055003,10 990¤,,Товар временно отсутствует в продаже
Встраиваемые панели,Встраив. газовая панель Maunfeld MGHG 64 76W White,20055000,16 490¤,,Товар временно отсутствует в продаже
Встраиваемые панели,Встраив. газовая панель Maunfeld MGHG 64 17I(D),20054995,21 990¤,,Товар временно отсутствует в продаже
Встраиваемые панели,Встраиваемая индукционная панель Maunfeld EVI.594.FL2(S)-GR,20056891,28 490¤,,Товар временно отсутствует в продаже
Встраиваемые панели,Встраиваемая индукционная панель Maunfeld EVI.775-FL2-BK,20054968,34 990¤,,Товар временно отсутствует в продаже
Встраиваемые панели,Встраиваемая электрическая панель Maunfeld EVCE.292-BK,20054969,6 590¤,,Товар временно отсутствует в продаже
Встраиваемые панели,Встраиваемая электрическая панель Maunfeld EVCE.594-BK,20054973,11 990¤,,Товар временно отсутствует в продаже
Встраиваемые панели,Встраиваемая электрическая панель Maunfeld EVCE.593.T-BK,20054971,14 990¤,,Товар временно отсутствует в продаже
Встраиваемые панели,Встраив. модульная эл. панель Maunfeld EEHS.32.4S,20054977,6 790¤,,Товар временно отсутствует в продаже
Встраиваемые панели,Встраив. модульная эл. панель Maunfeld EEHE.32.4B Black,20054975,6 490¤,,Товар временно отсутствует в продаже
Встраиваемые панели,Встраиваемая индукционная панель Maunfeld EVI.292F-BK,20065219,11 390¤,,Товар распродан
Встраиваемые панели,Встраив. газовая панель Maunfeld MGHG.64.17RILB,20065191,13 790¤,,Товар распродан
Встраиваемые панели,Встраиваемая индукционная панель Maunfeld MVI59.2FL-WH,20065223,45 490¤,,Товар распродан
Встраиваемые вытяжки,Вытяжка полностью встраиваемая Maunfeld BOX PUSH 60,20064873,7 990¤,,В наличии
Встраиваемые вытяжки,Вытяжка 50 см Maunfeld TOWER C 50 WHITE,20054742,7 690¤,,В наличии
Встраиваемые вытяжки,Вытяжка встраиваемая в шкаф 60 см Maunfeld TS TOUCH 60 Black,20065141,9 990¤,,В наличии
Встраиваемые вытяжки,Вытяжка 60 см Maunfeld GRAMMY 60 GLASS White,20054812,13 490¤,,В наличии
Встраиваемые вытяжки,Вытяжка встраиваемая в шкаф 60 см Maunfeld VS FAST (Glass) 60 White,20065142,6 990¤,,В наличии
Встраиваемые вытяжки,Вытяжка 50 см Maunfeld TOWER ROUND 50 WHITE,20054749,9 990¤,,В наличии
Встраиваемые вытяжки,Вытяжка встраиваемая в шкаф 60 см Maunfeld VS LIGHT 60,20064872,5 990¤,,В наличии
Встраиваемые вытяжки,Вытяжка встраиваемая в шкаф 60 см Maunfeld VS FAST (Glass) 60 Black,20065143,6 990¤,,В наличии
Встраиваемые вытяжки,Вытяжка полностью встраиваемая Maunfeld CROSBY HARDY 60 WHITE,20067707,13 990¤,,В наличии
Встраиваемые вытяжки,Вытяжка 60 см Maunfeld YORK PUSH 60,20064863,9 990¤,,В наличии
Встраиваемые вытяжки,Вытяжка 60 см Maunfeld SKY STAR CHEF 60,20064870,14 990¤,,В наличии
Встраиваемые вытяжки,Вытяжка полностью встраиваемая Maunfeld CROSBY ROCKY 60 Glass White,20054794,12 990¤,,В наличии
Встраиваемые вытяжки,Вытяжка 60 см Maunfeld CASCADA PUSH 60 White,20065121,10 990¤,,В наличии
Встраиваемые вытяжки,Вытяжка 50 см Maunfeld CASCADA 50 Black,20065027,11 490¤,,В наличии
Встраиваемые вытяжки,Вытяжка 50 см Maunfeld LEE WALL 35 Inox,20066609,29 990¤,,В наличии
Встраиваемые вытяжки,Вытяжка полностью встраиваемая Maunfeld CROSBY ROCKY 60 Glass Black,20054795,12 990¤,,В наличии
Встраиваемые вытяжки,Вытяжка 60 см Maunfeld TOWER C 60 BLACK,20054872,7 690¤,,В наличии
Встраиваемые вытяжки,Вытяжка встраиваемая в шкаф 60 см Maunfeld VS SLIDE 60 White/White Glass,20065151,7 990¤,,В наличии
Встраиваемые вытяжки,Вытяжка 60 см Maunfeld CASCADA PUSH 60,20064867,9 990¤,,В наличии
Встраиваемые вытяжки,Вытяжка полностью встраиваемая Maunfeld Crosby Light (C) 50см INOX,20054727,7 990¤,,В наличии
Встраиваемые вытяжки,Вытяжка 50 см Maunfeld LEE SIDE (C) 39 White,20066300,29 990¤,,В наличии
Встраиваемые вытяжки,Вытяжка 60 см Maunfeld CASCADA 60,20064868,12 490¤,12 490¤,В наличии
Встраиваемые вытяжки,Вытяжка 50 см Maunfeld CASCADA PUSH 50 White,20065029,9 990¤,,В наличии
Встраиваемые вытяжки,Вытяжка 50 см Maunfeld YORK PUSH 50 White,20065163,9 990¤,,В наличии
Встраиваемые вытяжки,Вытяжка полностью встраиваемая Maunfeld Crosby Light (C) 60см INOX,20054793,7 690¤,,В наличии
Встраиваемые вытяжки,Вытяжка 50 см Maunfeld SKY STAR CHEF 50 Black,20065135,13 990¤,,В наличии
Встраиваемые вытяжки,Вытяжка встраиваемая в шкаф 60 см Maunfeld VS SLIDE 60 Metallic /White Glass,20065152,7 990¤,,В наличии
Встраиваемые вытяжки,Вытяжка полностью встраиваемая Maunfeld CROSBY HARDY 60 BLACK,20067706,13 990¤,,Товар распродан
Встраиваемые вытяжки,Вытяжка полностью встраиваемая Maunfeld CROSBY BUILT 60 White,20066607,7 490¤,,В наличии
Встраиваемые вытяжки,Вытяжка 60 см Maunfeld JANTAR 60,20064858,11 990¤,,В наличии
Встраиваемые вытяжки,Вытяжка 60 см Maunfeld CASCADA 60 White,20065028,12 390¤,,В наличии
Встраиваемые вытяжки,Вытяжка 60 см Maunfeld CORK 60 Inox,20060812,5 490¤,,В наличии
Встраиваемые вытяжки,Вытяжка 60 см Maunfeld LINE 60 INOX,20054816,6 490¤,,В наличии
Встраиваемые вытяжки,Вытяжка 60 см Maunfeld LONDA 60 INOX,20054824,14 990¤,,В наличии
Встраиваемые вытяжки,Вытяжка 60 см Maunfeld CRYSTAL PUSH 60,20064860,9 990¤,,В наличии
Встраиваемые вытяжки,Вытяжка 60 см Maunfeld GRETTA NOVAS С 60,20054810,21 490¤,,В наличии
Встраиваемые вытяжки,Вытяжка 50 см Maunfeld CORK 50 Inox,20065124,5 490¤,,В наличии
Встраиваемые вытяжки,Вытяжка 60 см Maunfeld TSH 60 Inox,20054823,14 490¤,,В наличии
Встраиваемые вытяжки,Вытяжка 50 см Maunfeld WIND 50 White,20065154,11 990¤,,В наличии
Встраиваемые вытяжки,Вытяжка 90 см Maunfeld TSH 90 Inox,20054941,15 990¤,,В наличии
Встраиваемые вытяжки,Вытяжка 50 см Maunfeld CORK 50 White,20065123,5 490¤,,В наличии
Встраиваемые вытяжки,Вытяжка 50 см Maunfeld YORK 50 Black,20065161,10 990¤,,В наличии
Встраиваемые вытяжки,Вытяжка 50 см Maunfeld CASCADA 50 White,20065026,12 490¤,,В наличии
Встраиваемые вытяжки,Вытяжка 50 см Maunfeld WIND 50 Black,20065155,10 990¤,,В наличии
Встраиваемые вытяжки,Вытяжка 90 см Maunfeld LONDA 90 INOX,20054937,17 990¤,,В наличии
Встраиваемые вытяжки,Вытяжка 60 см Maunfeld CORK Plus 60 Inox,20060813,11 990¤,,В наличии
Встраиваемые вытяжки,Вытяжка 60 см Maunfeld TOWER CS 60 INOX,20054875,9 990¤,,В наличии
Встраиваемые вытяжки,Вытяжка 60 см Maunfeld LINE 60 T Black,20066255,5 990¤,,В наличии
Встраиваемые вытяжки,Вытяжка 60 см Maunfeld LINE 60 T Inox,20066252,5 990¤,,В наличии
Встраиваемые вытяжки,Вытяжка 60 см Maunfeld CASCADA MINI 60 BIEGE,20054778,10 990¤,,В наличии
Встраиваемые вытяжки,Вытяжка 60 см Maunfeld LONDON 60 Glass IVORY,20054827,14 990¤,,В наличии
Встраиваемые вытяжки,Вытяжка 60 см Maunfeld LINE 60 T White,20066254,5 990¤,,В наличии
Встраиваемые вытяжки,Вытяжка 60 см Maunfeld LINE Slim 60 WHITE,20054817,6 490¤,,В наличии
Встраиваемые вытяжки,Вытяжка 60 см Maunfeld RETRO LGHT 60 White,20054856,11 990¤,,В наличии
Встраиваемые вытяжки,Вытяжка 60 см Maunfeld SKY STAR 60 WHITE,20054862,19 990¤,,В наличии
Встраиваемые вытяжки,Вытяжка 60 см Maunfeld TOWER C 60 WHITE,20054869,7 790¤,,В наличии
Встраиваемые вытяжки,Вытяжка 60 см Maunfeld YORK PUSH 60 White,20065165,10 990¤,,В наличии
Встраиваемые вытяжки,Вытяжка 60 см Maunfeld RETRO QUADR 60 BEIGE,20054858,24 990¤,,В наличии
Встраиваемые вытяжки,Вытяжка 60 см Maunfeld TOWER ROUND 60 WHITE,20054885,9 990¤,,В наличии
Встраиваемые вытяжки,Вытяжка 60 см Maunfeld TOWER ROUND 60 BLACK,20054886,9 990¤,,В наличии
Встраиваемые вытяжки,Вытяжка 60 см Maunfeld DREAM 60 Inox GlassGRAFIT,20054801,16 990¤,,В наличии
Встраиваемые вытяжки,Вытяжка 60 см Maunfeld EAGLE 60 White Glass,20065126,12 990¤,,В наличии
Встраиваемые вытяжки,Вытяжка 60 см Maunfeld SKY STAR 60 BLACK,20054863,19 990¤,,В наличии
Встраиваемые вытяжки,Вытяжка 60 см Maunfeld RETRO QUADR 60 BLACK,20054859,25 990¤,,В наличии
Встраиваемые вытяжки,Вытяжка 60 см Maunfeld MEDWAY 60 Black/Satin,20065133,13 990¤,,В наличии
Встраиваемые вытяжки,Вытяжка 50 см Maunfeld MEDWAY 50 White/Satin,20065130,14 990¤,,В наличии
Встраиваемые вытяжки,Вытяжка 50 см Maunfeld LONDON 50 Glass DarkBeige,20054733,13 490¤,,В наличии
Встраиваемые вытяжки,Вытяжка 50 см Maunfeld TOWER C 50 BEIGE,20054741,8 990¤,,В наличии
Встраиваемые вытяжки,Вытяжка 50 см Maunfeld LINE 50 T White,20066253,5 990¤,,В наличии
Встраиваемые вытяжки,Вытяжка 50 см Maunfeld LINE 50 T Inox,20066251,5 990¤,,В наличии
Встраиваемые вытяжки,Вытяжка 50 см Maunfeld WIND PUSH 50 White,20065157,9 990¤,,В наличии
Встраиваемые вытяжки,Вытяжка 50 см Maunfeld TOWER ROUND 50 BLACK,20054750,9 990¤,,В наличии
Встраиваемые вытяжки,Вытяжка 90 см Maunfeld CORK Plus 90 Inox,20060814,14 990¤,,В наличии
Встраиваемые вытяжки,Вытяжка 50 см Maunfeld TOWER C 50 INOX,20054740,9 990¤,,В наличии
Встраиваемые вытяжки,Вытяжка 90 см Maunfeld ENVER 80 Black Glass,20065128,35 490¤,,В наличии
Встраиваемые вытяжки,Вытяжка 50 см Maunfeld YORK PUSH 50 Black,20065164,8 990¤,,В наличии
Встраиваемые вытяжки,Вытяжка 50 см Maunfeld MEDWAY 50 Black/Satin,20065131,13 990¤,,В наличии
Встраиваемые вытяжки,Вытяжка 50 см Maunfeld Lee Wall 35 WHITE,20054814,27 990¤,,В наличии
Встраиваемые вытяжки,Вытяжка 60 см Maunfeld GRAMMY 60 GLASS Black,20054811,11 990¤,,В наличии
Встраиваемые вытяжки,Вытяжка 90 см Maunfeld GRETTA (C) 90 BEIGE,20054923,23 990¤,,В наличии
Встраиваемые вытяжки,Вытяжка 60 см Maunfeld TOPAZ 60 Glass Black,20060831,10 490¤,,В наличии
Встраиваемые вытяжки,Вытяжка 60 см Maunfeld EMMY 60 GLASS White,20056226,14 990¤,,В наличии
Встраиваемые вытяжки,Вытяжка 50 см Maunfeld LEE PUSH 39 Black,20066602,26 990¤,,В наличии
Встраиваемые вытяжки,Вытяжка 90 см Maunfeld SKY STAR 90 WHITE,20054933,26 990¤,,В наличии
Встраиваемые вытяжки,Вытяжка 60 см Maunfeld EMMY 60 GLASS Black,20056225,13 990¤,,В наличии
Встраиваемые вытяжки,Вытяжка 60 см Maunfeld TOPAZ 60 Glass White,20060830,11 490¤,,В наличии
Встраиваемые вытяжки,Вытяжка 60 см Maunfeld CASCADA MINI 60 WHITE glass,20054779,10 990¤,,В наличии
Встраиваемые вытяжки,Вытяжка 60 см Maunfeld GLORIA 60 BLACK GLASS B,20054808,18 490¤,,В наличии
Встраиваемые вытяжки,Вытяжка 60 см Maunfeld GLORIA 60 INOX GLASS B,20054807,18 490¤,,В наличии
Встраиваемые вытяжки,Вытяжка 60 см Maunfeld GLORIA 60 INOX Glass Transparent,20054806,17 990¤,,В наличии
Встраиваемые вытяжки,Вытяжка 60 см Maunfeld CASCADA MINI 60 BLACK glass,20054781,9 990¤,,В наличии
Встраиваемые вытяжки,Вытяжка 60 см Maunfeld PLYM Soft 60 GLASS White,20054848,13 490¤,,В наличии
Встраиваемые вытяжки,Вытяжка 60 см Maunfeld PLYM Soft 60 GLASS Black,20054849,11 990¤,,В наличии
Встраиваемые вытяжки,Вытяжка 60 см Maunfeld TOWER L PUSH 60 Black,20054877,9 490¤,,В наличии
Встраиваемые вытяжки,Вытяжка 60 см Maunfeld SKY STAR PUSH 60 BLACK,20054866,16 990¤,,В наличии
Встраиваемые вытяжки,Вытяжка 60 см Maunfeld TOWER C 60 DARK BEIGE,20054871,8 990¤,,В наличии
Встраиваемые вытяжки,Вытяжка 60 см Maunfeld SKY STAR CHEF 60 White,20065136,16 990¤,,В наличии
Встраиваемые вытяжки,Вытяжка 60 см Maunfeld MERSEY 60 Inox Glass BLACK,20054832,14 990¤,,В наличии
Встраиваемые вытяжки,Вытяжка 60 см Maunfeld SKY STAR PUSH 60 WHITE,20054865,17 990¤,,В наличии
Встраиваемые вытяжки,Вытяжка 60 см Maunfeld CASCADA MINI 60 DARK BIEGE,20054780,10 990¤,,В наличии
Встраиваемые вытяжки,Вытяжка 50 см Maunfeld SKY STAR CHEF 50 White,20065134,14 490¤,,В наличии
Встраиваемые вытяжки,Вытяжка 60 см Maunfeld NORFOLK 60 INOX/ GLASS Black,20054838,29 990¤,,В наличии
Встраиваемые вытяжки,Вытяжка 50 см Maunfeld LONDON 50 BLACK GLASS B,20054734,13 990¤,,В наличии
Встраиваемые вытяжки,Вытяжка 50 см Maunfeld TOWER CS 50 INOX + BLACK,20054746,9 990¤,,В наличии
Встраиваемые вытяжки,Вытяжка 50 см Maunfeld LEE WALL (C) 39 BLACK,20067881,28 990¤,,В наличии
Встраиваемые вытяжки,Вытяжка 90 см Maunfeld Blast 90 Black Glass Black,20054910,25 490¤,,В наличии
Встраиваемые вытяжки,Вытяжка 90 см Maunfeld MERSEY 90 Inox Glass BLACK,20054927,17 990¤,,В наличии
Встраиваемые вытяжки,Вытяжка 90 см Maunfeld GLORIA 90 BLACK GLASS B,20054922,20 490¤,,В наличии
Встраиваемые вытяжки,Вытяжка 90 см Maunfeld SKY STAR CHEF 90 White,20066598,14 790¤,,Товар распродан
Встраиваемые вытяжки,Вытяжка 90 см Maunfeld MERSEY 90 WHITE Glass WHITE,20060829,19 990¤,,В наличии
Встраиваемые вытяжки,Вытяжка 90 см Maunfeld GLORIA 90 INOX GLASS B,20054921,20 490¤,,В наличии
Встраиваемые вытяжки,Вытяжка 50 см Maunfeld LEE SIDE (C) 39 Inox,20066600,27 990¤,,В наличии
Встраиваемые вытяжки,Вытяжка 50 см Maunfeld LEE WALL (C) 39 WHITE,20067883,27 990¤,,В наличии
Встраиваемые вытяжки,Вытяжка 50 см Maunfeld LEE WALL (C) 39 INOX,20067882,29 990¤,,В наличии
Встраиваемые вытяжки,Вытяжка 60 см Maunfeld Plym Touch 60 Black Glass Black,20054851,13 490¤,,В наличии
Встраиваемые вытяжки,Вытяжка 60 см Maunfeld Plym Touch 60 White Glass White,20054850,13 990¤,,В наличии
Встраиваемые вытяжки,Вытяжка 60 см Maunfeld Manchester Light 60 Black Glass Black,20054831,14 990¤,,В наличии
Встраиваемые вытяжки,Вытяжка 60 см Maunfeld Manchester Light 60 White Glass White,20054830,14 990¤,,В наличии
Встраиваемые вытяжки,Вытяжка 60 см Maunfeld PLYM ARCA 60 White Glass White,20054843,13 990¤,,В наличии
Встраиваемые вытяжки,Вытяжка 90 см Maunfeld Blast Push 90 White Glass White,20054911,19 990¤,,В наличии
Встраиваемые вытяжки,Вытяжка 90 см Maunfeld Ancona PlusA 90 Inox Glass Transparent,20054908,14 390¤,,В наличии
Встраиваемые вытяжки,Вытяжка 90 см Maunfeld Manchester Light 90 White Glass White,20054925,17 990¤,,В наличии
Встраиваемые вытяжки,Вытяжка 60 см Maunfeld MOON 60 Glass White/ Inox Insert,20065061,12 990¤,,В наличии
Встраиваемые вытяжки,Вытяжка 90 см Maunfeld Manchester Light 90 Black Glass Black,20054926,17 990¤,,В наличии
Встраиваемые вытяжки,Вытяжка 90 см Maunfeld GRETTA NOVAS 90 (C) Beige/ Non painted Hairewood,20054924,23 990¤,,В наличии
Встраиваемые вытяжки,Вытяжка полностью встраиваемая Maunfeld CROSBY BUILT 60 Black,20066608,7 490¤,,В наличии
Встраиваемые вытяжки,Вытяжка полностью встраиваемая Maunfeld FANTASY 90 Black,20060860,34 990¤,,В наличии
Встраиваемые вытяжки,Вытяжка полностью встраиваемая Maunfeld CROSBY PUSH 50 INOX Gl,20054728,8 990¤,,В наличии
Встраиваемые вытяжки,Вытяжка встраиваемая в шкаф 60 см Maunfeld OUSE TOUCH 60 Glass White,20054841,12 990¤,,В наличии
Встраиваемые вытяжки,Вытяжка полностью встраиваемая Maunfeld URANIA 53 Inox,20056227,27 990¤,,В наличии
Встраиваемые вытяжки,Вытяжка полностью встраиваемая Maunfeld FANTASY 90 White,20060859,34 990¤,,В наличии
Встраиваемые вытяжки,Вытяжка полностью встраиваемая Maunfeld URANIA 74 Inox,20056228,34 990¤,,В наличии
Встраиваемые вытяжки,Вытяжка полностью встраиваемая Maunfeld FANTASY 60 White,20060857,26 990¤,,В наличии
Встраиваемые вытяжки,Вытяжка полностью встраиваемая Maunfeld CROSBY FLAT 52 Inox,20065125,14 990¤,,В наличии
Встраиваемые вытяжки,Вытяжка полностью встраиваемая Maunfeld CROSBY LIGHT 70 INOX,20054796,10 990¤,,В наличии
Встраиваемые вытяжки,Вытяжка полностью встраиваемая Maunfeld FANTASY LIGHT 60 Biege,20067708,14 990¤,,В наличии
Встраиваемые вытяжки,Вытяжка полностью встраиваемая Maunfeld CROSBY PUSH 90 INOX Gl,20054919,13 990¤,,В наличии
Встраиваемые вытяжки,Вытяжка полностью встраиваемая Maunfeld CROSBY PUSH ECO 52 INOX,20060820,6 990¤,,В наличии
Встраиваемые вытяжки,Островная вытяжка Maunfeld LEE ISLA 39 BLACK,20067709,29 990¤,,В наличии
Встраиваемые вытяжки,Вытяжка встраиваемая в шкаф 60 см Maunfeld GALAXY 60 White,20060824,20 990¤,,В наличии
Встраиваемые вытяжки,Вытяжка встраиваемая в шкаф 60 см Maunfeld VSH 60 Beige,20054901,8 990¤,,В наличии
Встраиваемые вытяжки,Вытяжка встраиваемая в шкаф 60 см Maunfeld GALAXY 60 Black,20060825,19 990¤,,В наличии
Встраиваемые вытяжки,Вытяжка встраиваемая в шкаф 90 см Maunfeld GALAXY 90 Black,20060827,24 990¤,,В наличии
Встраиваемые вытяжки,Вытяжка встраиваемая в шкаф 90 см Maunfeld GALAXY 90 White,20060826,25 990¤,,В наличии
Встраиваемые вытяжки,Вытяжка встраиваемая в шкаф 60 см Maunfeld VS FAST 60 Inox,20065148,6 990¤,,В наличии
Встраиваемые вытяжки,Вытяжка встраиваемая в шкаф 60 см Maunfeld VSH 60 INOX Gl,20054903,8 990¤,,В наличии
Встраиваемые вытяжки,Вытяжка встраиваемая в шкаф 60 см Maunfeld VSH 60 WHITE Gl,20054902,8 990¤,,В наличии
Встраиваемые вытяжки,Вытяжка встраиваемая в шкаф 60 см Maunfeld TS TOUCH 60 White,20065140,9 990¤,,В наличии
Встраиваемые вытяжки,Вытяжка встраиваемая в шкаф 60 см Maunfeld VSH 60 BLACK Gl,20054904,8 990¤,,В наличии
Встраиваемые вытяжки,Вытяжка встраиваемая в шкаф 50 см Maunfeld TS TOUCH 50 Black,20065139,9 990¤,,В наличии
Встраиваемые вытяжки,Вытяжка встраиваемая в шкаф 50 см Maunfeld VS FAST 50 Inox,20065145,6 590¤,,В наличии
Встраиваемые вытяжки,Вытяжка встраиваемая в шкаф 50 см Maunfeld VS FAST 50 Black,20065146,6 190¤,,В наличии
Встраиваемые вытяжки,Вытяжка встраиваемая в шкаф 50 см Maunfeld VS FAST 50 White,20065144,6 290¤,,В наличии
Встраиваемые вытяжки,Вытяжка встраиваемая в шкаф 60 см Maunfeld VS SLIDE 60 Black /Black Glass,20065153,7 990¤,,В наличии
Встраиваемые вытяжки,Островная вытяжка Maunfeld LEE ISLA 39 INOX,20067888,30 990¤,,В наличии
Встраиваемые вытяжки,Островная вытяжка Maunfeld LEE ISLA 39 WHITE,20067880,29 990¤,,В наличии
Встраиваемые вытяжки,Островная вытяжка Maunfeld Ancona Plusa Isla 90 Black,20055061,25 990¤,,В наличии
Встраиваемые вытяжки,Островная вытяжка Maunfeld Bath Light (Isla) 35 Inox,20055067,27 990¤,,В наличии
Встраиваемые вытяжки,Островная вытяжка Maunfeld Ancona Plusa Isla 90 White,20055060,24 990¤,,В наличии
Встраиваемые вытяжки,Островная вытяжка Maunfeld Box Rope (Isla) 50 Glass Black,20055062,27 990¤,,В наличии
Встраиваемые вытяжки,Островная вытяжка Maunfeld Harbour Glass (Isla) 90 Inox Glass Black,20055070,49 990¤,,В наличии
Встраиваемые вытяжки,Вытяжка плоская 50 см Maunfeld MPA 50 White,20055343,3 790¤,,В наличии
Встраиваемые вытяжки,Вытяжка плоская 50 см Maunfeld MPA 50 Brown,20055344,3 890¤,,В наличии
Встраиваемые вытяжки,Вытяжка плоская 50 см Maunfeld MPA 50 Inox,20055345,4 490¤,,В наличии
Встраиваемые вытяжки,Вытяжка плоская 60 см Maunfeld MP 360-1 (С) INOX,20054836,4 990¤,,В наличии
Встраиваемые вытяжки,Вытяжка плоская 60 см Maunfeld MP 360-1 (С) WHITE,20054834,5 490¤,,В наличии
Встраиваемые вытяжки,Вытяжка плоская 60 см Maunfeld MP-1 60 Black,20066611,4 790¤,,В наличии
Встраиваемые вытяжки,Вытяжка плоская 60 см Maunfeld MP-1 60 White,20066613,4 790¤,,В наличии
Встраиваемые вытяжки,Вытяжка плоская 50 см Maunfeld MP-1 50 White,20066610,4 790¤,,В наличии
Встраиваемые вытяжки,Вытяжка 50 см Maunfeld Lee Wall 35 BLACK,20054813,27 990¤,,Товар временно отсутствует в продаже
Встраиваемые вытяжки,Вытяжка 50 см Maunfeld LONDON 50 WHITE GLASS W,20054732,10 990¤,,Товар временно отсутствует в продаже
Встраиваемые вытяжки,Вытяжка встраиваемая в шкаф 60 см Maunfeld OUSE TOUCH 60 Glass Black,20054842,12 990¤,,Товар временно отсутствует в продаже
Встраиваемые вытяжки,Вытяжка встраиваемая в шкаф 50 см Maunfeld VS LIGHT (С) 50 WHITE,20054754,5 290¤,,Товар временно отсутствует в продаже
Встраиваемые вытяжки,Вытяжка 60 см Maunfeld RETRO (С) 60 WHITE,20054853,13 390¤,,Товар временно отсутствует в продаже
Встраиваемые вытяжки,Вытяжка 60 см Maunfeld BRENT 60 BLACK,20054777,7 990¤,,Товар временно отсутствует в продаже
Встраиваемые вытяжки,Вытяжка 60 см Maunfeld AIRE 60 Inox,20056493,4 990¤,,Товар временно отсутствует в продаже
Встраиваемые вытяжки,Вытяжка 60 см Maunfeld LINE 60 WHITE,20054815,6 490¤,,Товар временно отсутствует в продаже
Встраиваемые вытяжки,Вытяжка 60 см Maunfeld BRENT 60 Satyn,20054776,12 990¤,,Товар временно отсутствует в продаже
Встраиваемые вытяжки,Вытяжка 60 см Maunfeld RETRO (С) 60 BEIGE,20054852,14 490¤,,Товар временно отсутствует в продаже
Встраиваемые вытяжки,Вытяжка 60 см Maunfeld RODING 60 INOX,20054860,15 990¤,,Товар временно отсутствует в продаже
Встраиваемые вытяжки,Вытяжка 50 см Maunfeld LINE 50 WHITE,20054729,6 490¤,,Товар временно отсутствует в продаже
Встраиваемые вытяжки,Вытяжка 50 см Maunfeld LINE 50 INOX,20054730,5 690¤,,Товар временно отсутствует в продаже
Встраиваемые вытяжки,Вытяжка 50 см Maunfeld AIRE 50 White,20056490,4 390¤,,Товар временно отсутствует в продаже
Встраиваемые вытяжки,Вытяжка 60 см Maunfeld TOWER LUX 60 WHITE,20054881,17 990¤,,Товар временно отсутствует в продаже
Встраиваемые вытяжки,Вытяжка 60 см Maunfeld CASCADA TRIO 60 BLACK,20054788,9 990¤,,Товар временно отсутствует в продаже
Встраиваемые вытяжки,Вытяжка 60 см Maunfeld DREAM 60 Glass Biege,20054798,14 490¤,,Товар временно отсутствует в продаже
Встраиваемые вытяжки,Вытяжка 60 см Maunfeld GRETTA (C) 60 BEIGE,20054809,21 490¤,,Товар временно отсутствует в продаже
Встраиваемые вытяжки,Вытяжка 60 см Maunfeld DREAM 60 Glass Black,20054805,11 990¤,,Товар временно отсутствует в продаже
Встраиваемые вытяжки,Вытяжка 60 см Maunfeld TOWER C 60 BEIGE,20054868,8 990¤,,Товар временно отсутствует в продаже
Встраиваемые вытяжки,Вытяжка 60 см Maunfeld LONDON 60 Glass DarkBeige,20054828,13 490¤,,Товар временно отсутствует в продаже
Встраиваемые вытяжки,Вытяжка 60 см Maunfeld RETRO LIGHT 60 Beige,20054855,11 990¤,,Товар временно отсутствует в продаже
Встраиваемые вытяжки,Вытяжка 60 см Maunfeld CASCADA TRIO 60 BEIGE,20054785,14 490¤,,Товар временно отсутствует в продаже
Встраиваемые вытяжки,Вытяжка 90 см Maunfeld TOWER GS 90 BLACK,20054940,12 390¤,,Товар временно отсутствует в продаже
Встраиваемые вытяжки,Вытяжка 90 см Maunfeld SKY STAR 90 BLACK,20054934,25 990¤,,Товар временно отсутствует в продаже
Встраиваемые вытяжки,Вытяжка 90 см Maunfeld TOWER G 90 BLACK,20054939,7 790¤,,Товар временно отсутствует в продаже
Встраиваемые вытяжки,Вытяжка 50 см Maunfeld BATH PLUS 45 INOX,20054770,17 590¤,,Товар временно отсутствует в продаже
Встраиваемые вытяжки,Вытяжка 60 см Maunfeld LONDON 60 BLACK GLASS B,20054829,13 990¤,,Товар временно отсутствует в продаже
Встраиваемые вытяжки,Вытяжка 60 см Maunfeld TOWER L TOUCH 60 White,20054878,12 190¤,,Товар временно отсутствует в продаже
Встраиваемые вытяжки,Вытяжка 60 см Maunfeld TOWER L PUSH 60 White,20054876,7 990¤,,Товар временно отсутствует в продаже
Встраиваемые вытяжки,Вытяжка 60 см Maunfeld TOWER L TOUCH 60 Black,20054879,10 790¤,,Товар временно отсутствует в продаже
Встраиваемые вытяжки,Вытяжка 60 см Maunfeld TOWER LUX 60 DARK BIEGE,20054884,11 990¤,,Товар временно отсутствует в продаже
Встраиваемые вытяжки,Вытяжка 50 см Maunfeld TOWER C 50 DARK BEIGE,20054744,8 990¤,,Товар временно отсутствует в продаже
Встраиваемые вытяжки,Вытяжка 90 см Maunfeld Blast 90 White Glass White,20054909,22 490¤,,Товар временно отсутствует в продаже
Встраиваемые вытяжки,Вытяжка 60 см Maunfeld PLYM ARCA 60 Black Glass Black,20054845,11 490¤,,Товар временно отсутствует в продаже
Встраиваемые вытяжки,Вытяжка 60 см Maunfeld Ancona PlusA 60 Inox Glass Transparent,20054769,9 990¤,,Товар временно отсутствует в продаже
Встраиваемые вытяжки,Вытяжка 50 см Maunfeld Ancona PlusA 50 Inox Glass Transparent,20054722,9 990¤,,Товар временно отсутствует в продаже
Встраиваемые вытяжки,Вытяжка 60 см Maunfeld TOWER Light 60 White Glass White,20054821,5 990¤,,Товар временно отсутствует в продаже
Встраиваемые вытяжки,Вытяжка 60 см Maunfeld TOWER Light 60 Black Glass Black,20054822,4 990¤,,Товар временно отсутствует в продаже
Встраиваемые вытяжки,Вытяжка встраиваемая в шкаф 60 см Maunfeld VS LIGHT (С) 60 WHITE,20054891,5 290¤,,Товар временно отсутствует в продаже
Встраиваемые вытяжки,Вытяжка встраиваемая в шкаф 60 см Maunfeld VS LIGHT (С) 60 BLACK,20054892,5 290¤,,Товар временно отсутствует в продаже
Встраиваемые вытяжки,Вытяжка встраиваемая в шкаф 50 см Maunfeld VS LIGHT (С) 50 BLACK,20054756,5 290¤,,Товар временно отсутствует в продаже
Встраиваемые вытяжки,Вытяжка встраиваемая в шкаф 50 см Maunfeld VS LIGHT 50 (C) Beige,20054753,6 690¤,,Товар временно отсутствует в продаже
Встраиваемые вытяжки,Вытяжка встраиваемая в шкаф 50 см Maunfeld VS LIGHT (С) 50 BLACK GLASS B Ln,20054761,7 990¤,,Товар временно отсутствует в продаже
Встраиваемые вытяжки,Вытяжка плоская 60 см Maunfeld MPA 60 White,20055348,3 790¤,,Товар временно отсутствует в продаже
Встраиваемые вытяжки,Вытяжка плоская 60 см Maunfeld MPA 60 Beige,20055347,3 790¤,,Товар временно отсутствует в продаже
Встраиваемые вытяжки,Вытяжка плоская 60 см Maunfeld MPA 60 Brown,20055349,3 890¤,,Товар временно отсутствует в продаже
Встраиваемые вытяжки,Вытяжка плоская 60 см Maunfeld MPA 60 Black,20055351,3 790¤,,Товар временно отсутствует в продаже
Встраиваемые вытяжки,Вытяжка плоская 50 см Maunfeld MPA 50 Black,20055346,3 790¤,,Товар временно отсутствует в продаже
Встраиваемые вытяжки,Вытяжка плоская 60 см Maunfeld MP 360-1 (С) BEIGE,20054833,4 490¤,,Товар временно отсутствует в продаже
Встраиваемые вытяжки,Вытяжка плоская 50 см Maunfeld MP 350-1 (С) BLACK,20054739,4 490¤,,Товар временно отсутствует в продаже
Встраиваемые вытяжки,Вытяжка плоская 50 см Maunfeld MP 350-1 (С) BROWN,20054737,4 490¤,,Товар временно отсутствует в продаже
Встраиваемые вытяжки,Вытяжка плоская 50 см Maunfeld MP 350-1 (С) Beige,20054735,4 490¤,,Товар временно отсутствует в продаже
Встраиваемые вытяжки,Вытяжка плоская 50 см Maunfeld MP 350-1 (С) WHITE,20054736,5 490¤,,Товар временно отсутствует в продаже
Встраиваемые вытяжки,Вытяжка 60 см Maunfeld LINE 60 Black,20065129,6 490¤,,Товар распродан
Встраиваемые вытяжки,Вытяжка полностью встраиваемая Maunfeld CROSBY POWER 60 WHITE Gl,20060818,8 990¤,,Товар распродан
Встраиваемые вытяжки,Вытяжка 50 см Maunfeld WIND PUSH 50 Black,20065158,8 990¤,,Товар распродан
Встраиваемые вытяжки,Вытяжка 50 см Maunfeld CASCADA PUSH 50 Black,20065120,9 290¤,,Товар распродан
Встраиваемые вытяжки,Вытяжка 60 см Maunfeld RETRO Light Eco 60 Beige,20065279,7 990¤,,Товар распродан
Встраиваемые вытяжки,Вытяжка 50 см Maunfeld LEE SIDE (C) 39 Black,20066299,24 990¤,,Товар распродан
Встраиваемые вытяжки,Вытяжка 60 см Maunfeld CASCADA TRIO 60 Ivory Glass/ Chrome,20065122,10 990¤,,Товар распродан
Встраиваемые вытяжки,Вытяжка 60 см Maunfeld MOON 60 Glass Black/ Inox Insert,20065062,10 390¤,,Товар распродан
Встраиваемые вытяжки,Вытяжка встраиваемая в шкаф 60 см Maunfeld VS FAST 60 White,20065147,6 990¤,,Товар распродан
Электрочайники,Электрочайник Maunfeld MFK-647WH,20056640,2 790¤,,В наличии
Электрочайники,Электрочайник Maunfeld MFK-743S,20056643,2 490¤,,В наличии
Электрочайники,Электрочайник Maunfeld MGK1711S,20068153,1 490¤,,В наличии
Электрочайники,Электрочайник Maunfeld MFK-660BG,20056641,3 490¤,,В наличии
Электрочайники,Электрочайник Maunfeld MGK1710GS,20068152,1 490¤,,В наличии
Электрочайники,Электрочайник Maunfeld MFK-634G.SP,20056638,2 790¤,,В наличии
Электрочайники,Электрочайник Maunfeld MFK-647BK,20056639,2 590¤,,Товар временно отсутствует в продаже
Встраиваемые духовые шкафы,Электрический духовой шкаф Maunfeld EOEM519B,20065213,24 990¤,,В наличии
Встраиваемые духовые шкафы,Электрический духовой шкаф Maunfeld EOEC516B,20065198,20 990¤,,В наличии
Встраиваемые духовые шкафы,Электрический духовой шкаф Maunfeld EOEFG.566RIB.RT,20065271,27 490¤,,В наличии
Встраиваемые духовые шкафы,Электрический духовой шкаф Maunfeld EOEM516W,20065212,24 990¤,,В наличии
Встраиваемые духовые шкафы,Электрический духовой шкаф Maunfeld MEOFE 676RIB.TM,20055126,37 990¤,,В наличии
Встраиваемые духовые шкафы,Газовый духовой шкаф Maunfeld MGOG 673B,20054979,35 990¤,,В наличии
Встраиваемые духовые шкафы,Электрический духовой шкаф Maunfeld EOEC.586B,20055138,19 990¤,,В наличии
Встраиваемые духовые шкафы,Электрический духовой шкаф Maunfeld MEOFG.676RILB.TRS,20055133,32 490¤,,В наличии
Встраиваемые духовые шкафы,Электрический духовой шкаф Maunfeld EOEM.769W,20065278,31 990¤,,В наличии
Встраиваемые духовые шкафы,Электрический духовой шкаф Maunfeld EOEC.586W,20055140,20 990¤,,В наличии
Встраиваемые духовые шкафы,Электрический духовой шкаф Maunfeld EOEM.589SB,20065209,24 990¤,,В наличии
Встраиваемые духовые шкафы,Электрический духовой шкаф Maunfeld EOEM.769S1,20065276,31 990¤,,В наличии
Встраиваемые духовые шкафы,Электрический духовой шкаф Maunfeld EOEC.586BG,20060809,21 990¤,,В наличии
Встраиваемые духовые шкафы,Электрический духовой шкаф Maunfeld EOEM.589BG,20060810,25 990¤,,В наличии
Встраиваемые духовые шкафы,Электрический духовой шкаф Maunfeld EOEC.586B2,20056896,19 990¤,,В наличии
Встраиваемые духовые шкафы,Электрический духовой шкаф Maunfeld EOEH.7611SB,20065207,37 990¤,,В наличии
Встраиваемые духовые шкафы,Электрический духовой шкаф Maunfeld EOEF.766W,20065069,27 990¤,,В наличии
Встраиваемые духовые шкафы,Электрический духовой шкаф Maunfeld EOEC.586S1,20055139,19 990¤,,В наличии
Встраиваемые духовые шкафы,Электрический духовой шкаф Maunfeld EOEM.769BG,20065275,32 990¤,,В наличии
Встраиваемые духовые шкафы,Электрический духовой шкаф Maunfeld MEOFE 676RBG.TM,20055124,35 990¤,,В наличии
Встраиваемые духовые шкафы,Электрический духовой шкаф Maunfeld EOEM.589S1,20055136,24 990¤,,В наличии
Встраиваемые духовые шкафы,Газовый духовой шкаф Maunfeld MGOG 673W,20054981,37 990¤,,В наличии
Встраиваемые духовые шкафы,Электрический духовой шкаф Maunfeld EOEC516S,20065201,21 490¤,,В наличии
Встраиваемые духовые шкафы,Электрический духовой шкаф Maunfeld MEOM 678I,20055091,35 990¤,,В наличии
Встраиваемые духовые шкафы,Электрический духовой шкаф Maunfeld EOEC.586PBG,20066259,23 490¤,,В наличии
Встраиваемые духовые шкафы,Электрический духовой шкаф Maunfeld EOEM.769B,20065273,30 990¤,,В наличии
Встраиваемые духовые шкафы,Электрический духовой шкаф Maunfeld EOEC.586PB,20066290,21 990¤,,В наличии
Встраиваемые духовые шкафы,Электрический духовой шкаф Maunfeld EOEF.766SB,20065068,27 990¤,,В наличии
Встраиваемые духовые шкафы,Электрический духовой шкаф Maunfeld EOEH.5811W,20056884,31 990¤,,В наличии
Встраиваемые духовые шкафы,Электрический духовой шкаф Maunfeld EOEM.769SB,20065277,31 990¤,,В наличии
Встраиваемые духовые шкафы,Электрический духовой шкаф Maunfeld EOEM.589B,20055135,23 990¤,,В наличии
Встраиваемые духовые шкафы,Электрический духовой шкаф Maunfeld EOEМ.589W,20055137,24 990¤,,В наличии
Встраиваемые духовые шкафы,Электрический духовой шкаф Maunfeld EOEH.5811B,20056882,33 990¤,,В наличии
Встраиваемые духовые шкафы,Электрический духовой шкаф Maunfeld EOEC.586PW,20066291,22 990¤,,В наличии
Встраиваемые духовые шкафы,Электрический духовой шкаф Maunfeld EOEF.766B,20065064,26 490¤,,В наличии
Встраиваемые духовые шкафы,Электрический духовой шкаф Maunfeld EOEH.5811BG,20065204,35 990¤,,В наличии
Встраиваемые духовые шкафы,Электрический духовой шкаф Maunfeld EOEH.7611BG,20065206,37 990¤,,В наличии
Встраиваемые духовые шкафы,Электрический духовой шкаф Maunfeld EOEH.7611W,20065208,37 990¤,,В наличии
Встраиваемые духовые шкафы,Электрический духовой шкаф Maunfeld MEOFE.676RWAS.TM,20065216,39 990¤,,В наличии
Встраиваемые духовые шкафы,Электрический духовой шкаф Maunfeld EOEM.769B3,20066603,30 990¤,,В наличии
Встраиваемые духовые шкафы,Электрический духовой шкаф Maunfeld EOEFG.566RBG.RT,20065270,27 490¤,,В наличии
Встраиваемые духовые шкафы,Электрический духовой шкаф Maunfeld EOEM.769B2,20065274,27 990¤,,В наличии
Встраиваемые духовые шкафы,Электрический духовой шкаф Maunfeld EOEH.7611S2,20067887,37 990¤,,В наличии
Встраиваемые духовые шкафы,Электрический духовой шкаф Maunfeld EOEM.589B2,20056895,23 990¤,,В наличии
Встраиваемые духовые шкафы,Электрический духовой шкаф Maunfeld EOEFG.769RIB.RT,20065272,32 990¤,,В наличии
Встраиваемые духовые шкафы,Электрический духовой шкаф Maunfeld EOEF.766S1,20065067,26 990¤,,В наличии
Встраиваемые духовые шкафы,Электрический духовой шкаф Maunfeld EOEF.766B2,20065065,24 990¤,,В наличии
Встраиваемые духовые шкафы,Электрический духовой шкаф Maunfeld MEOFE.676RBG2.TMS,20065214,31 990¤,,В наличии
Встраиваемые духовые шкафы,Электрический духовой шкаф Maunfeld MEOFE.676RILB2.TMS,20065215,33 990¤,,В наличии
Встраиваемые духовые шкафы,Газовый духовой шкаф Maunfeld MGOGG 673RBG.TM,20054982,37 990¤,,В наличии
Встраиваемые духовые шкафы,Компактный духовой шкаф Maunfeld MCMO.44.9GB Black,20055055,54 990¤,,В наличии
Встраиваемые духовые шкафы,Компактный духовой шкаф Maunfeld MCMO.44.9GW,20055056,54 990¤,,В наличии
Встраиваемые духовые шкафы,Газовый духовой шкаф Maunfeld MGOG 673S,20054980,33 990¤,,В наличии
Встраиваемые духовые шкафы,Газовый духовой шкаф Maunfeld MGOGG 673RIB.TM,20054983,37 990¤,,В наличии
Встраиваемые духовые шкафы,Компактный духовой шкаф Maunfeld MCMO.44.9GI,20065218,54 990¤,,В наличии
Встраиваемые духовые шкафы,Электрический духовой шкаф Maunfeld MEOM 678B,20055090,32 190¤,,Товар временно отсутствует в продаже
Встраиваемые духовые шкафы,Электрический духовой шкаф Maunfeld MEOH.6711WS,20056881,28 990¤,,Товар временно отсутствует в продаже
Встраиваемые духовые шкафы,Электрический духовой шкаф Maunfeld MEOH.6711BS,20056880,44 990¤,,Товар временно отсутствует в продаже
Встраиваемые духовые шкафы,Электрический духовой шкаф Maunfeld CEOD.656B Black,20055095,24 490¤,,Товар временно отсутствует в продаже
Встраиваемые духовые шкафы,Электрический духовой шкаф Maunfeld MEOFE.676RBG.TMS,20055125,31 490¤,,Товар временно отсутствует в продаже
Встраиваемые духовые шкафы,Электрический духовой шкаф Maunfeld CEOH.6512I Ivory,20055076,41 990¤,,Товар временно отсутствует в продаже
Встраиваемые духовые шкафы,Электрический духовой шкаф Maunfeld MEOH 6711B Black,20055078,46 790¤,,Товар временно отсутствует в продаже
Встраиваемые духовые шкафы,Электрический духовой шкаф Maunfeld CEOH.6512W White,20055077,39 990¤,,Товар временно отсутствует в продаже
Встраиваемые духовые шкафы,Компактный духовой шкаф Maunfeld MCMO.44.9S Inox,20055057,52 990¤,,Товар временно отсутствует в продаже
Встраиваемые духовые шкафы,Электрический духовой шкаф Maunfeld EOEC516W,20065202,21 990¤,,Товар распродан
Встраиваемые духовые шкафы,Электрический духовой шкаф Maunfeld EOEF516RIB,20065203,25 990¤,,Товар распродан
Встраиваемые духовые шкафы,Электрический духовой шкаф Maunfeld EOEC516B2,20065199,19 990¤,,Товар распродан
Встраиваемые духовые шкафы,Электрический духовой шкаф Maunfeld EOEC516BG,20065200,17 990¤,,Товар распродан
Встраиваемые духовые шкафы,Электрический духовой шкаф Maunfeld EOEM516B,20065210,22 590¤,,Товар распродан
Встраиваемые духовые шкафы,Электрический духовой шкаф Maunfeld EOEF.766BG,20065066,27 590¤,,Товар распродан
Мини-печи,Мини-печь Maunfeld СEMOA.456.S1,20056631,9 990¤,,В наличии
Мини-печи,Мини-печь Maunfeld СEMOA.456.S2,20056632,10 990¤,,В наличии
Мини-печи,Мини-печь Maunfeld СEMOA.456.B,20056627,7 990¤,,Товар временно отсутствует в продаже
Мини-печи,Мини-печь Maunfeld СEMOA.456.RIB,20056630,9 490¤,,Товар временно отсутствует в продаже
Мини-печи,Мини-печь Maunfeld СEMOA.456.RBG,20056629,9 490¤,,Товар временно отсутствует в продаже
Мини-печи,Мини-печь Maunfeld СEMOB.363.W,20056635,5 990¤,,Товар временно отсутствует в продаже
Мини-печи,Мини-печь Maunfeld СEMOA.456.I,20056628,7 990¤,,Товар временно отсутствует в продаже
Встраиваемые микроволновые печи,Встраиваемая микроволновая печь Maunfeld XBMO202SB,20066298,15 990¤,,В наличии
Встраиваемые микроволновые печи,Встраиваемая микроволновая печь Maunfeld JBMO.20.5GRIB,20065195,18 990¤,,В наличии
Встраиваемые микроволновые печи,Встраиваемая микроволновая печь Maunfeld MBMO.25.8S Inox,20055144,17 990¤,,В наличии
Встраиваемые микроволновые печи,Встраиваемая микроволновая печь Maunfeld JBMO.20.5S,20065196,13 990¤,,В наличии
Встраиваемые микроволновые печи,Встраиваемая микроволновая печь Maunfeld MBMO.20.2PGW,20055146,17 490¤,,В наличии
Встраиваемые микроволновые печи,Встраиваемая микроволновая печь Maunfeld MBMO.25.7GW White,20055143,23 990¤,,В наличии
Встраиваемые микроволновые печи,Встраиваемая микроволновая печь Maunfeld JBMO.20.5GRBG,20065194,18 990¤,,В наличии
Встраиваемые микроволновые печи,Встраиваемая микроволновая печь Maunfeld MBMO.20.2PGB,20055145,17 490¤,,В наличии
Встраиваемые микроволновые печи,Встраиваемая микроволновая печь Maunfeld MBMO.25.7GB,20055141,22 990¤,,В наличии
Встраиваемые микроволновые печи,Встраиваемая микроволновая печь Maunfeld MBMO.25.7GBG,20055142,23 490¤,,В наличии
Встраиваемые микроволновые печи,Встраиваемая микроволновая печь Maunfeld MBMO.20.5S,20065197,17 990¤,,В наличии
Встраиваемые микроволновые печи,Встраиваемая микроволновая печь Maunfeld MBMO.25.7GI,20056378,23 490¤,,В наличии
Встраиваемые микроволновые печи,Встраиваемая микроволновая печь Maunfeld XBMO201SB,20066292,13 990¤,,В наличии
Встраиваемые микроволновые печи,Встраиваемая микроволновая печь Maunfeld JBMO.20.5ERIB,20065193,17 990¤,,В наличии
Встраиваемые микроволновые печи,Встраиваемая микроволновая печь Maunfeld XBMO202S,20066297,14 490¤,,Товар распродан
Микроволновые печи,Микроволновая печь с грилем Maunfeld JFSMO.20.5.GRBG,20064759,9 990¤,,В наличии
Микроволновые печи,Микроволновая печь соло Maunfeld MFSMO.20.7SGW,20056626,6 490¤,,В наличии
Микроволновые печи,Микроволновая печь соло Maunfeld MFSMO.20.7SGB,20056625,6 490¤,,В наличии
Микроволновые печи,Микроволновая печь соло Maunfeld GFSMO.20.5W,20056624,4 990¤,,В наличии
Микроволновые печи,Микроволновая печь соло Maunfeld GFSMO.20.5BG,20067886,5 390¤,,В наличии
Микроволновые печи,Микроволновая печь соло Maunfeld GFSMO.20.5B,20064628,4 990¤,,В наличии
Встраиваемые посудомоечные машины,Встраиваемая посудомоечная машина 45 см Maunfeld MLP-08IMR,20066293,34 990¤,,В наличии
Встраиваемые посудомоечные машины,Встраиваемая посудомоечная машина 60 см Maunfeld MLP 12IM,20054947,35 990¤,,В наличии
Встраиваемые посудомоечные машины,Встраиваемая посудомоечная машина 60 см Maunfeld MLP 12S,20054948,27 990¤,,В наличии
Встраиваемые посудомоечные машины,Встраиваемая посудомоечная машина 60 см Maunfeld MLP-12SR,20066296,28 990¤,,В наличии
Встраиваемые посудомоечные машины,Встраиваемая посудомоечная машина 60 см Maunfeld MLP-12IMR,20066295,38 990¤,,В наличии
Встраиваемые посудомоечные машины,Встраиваемая посудомоечная машина 45 см Maunfeld MLP 08B,20054944,30 990¤,,В наличии
Встраиваемые посудомоечные машины,Встраиваемая посудомоечная машина 45 см Maunfeld MLP-08SR,20066294,24 990¤,,В наличии
Встраиваемые посудомоечные машины,Встраиваемая посудомоечная машина 60 см Maunfeld MLP 12B,20054946,34 990¤,,В наличии
Встраиваемые посудомоечные машины,Встраиваемая компактная посудомоечная машина Maunfeld MLP 06IM,20054942,22 490¤,,В наличии
Встраиваемые посудомоечные машины,Встраиваемая посудомоечная машина 45 см Maunfeld MLP 08S,20054945,24 990¤,,В наличии
Холодильники и морозильные камеры,Холодильник Maunfeld MFF200NFW,20065999,60 490¤,,В наличии
Холодильники и морозильные камеры,Холодильник Maunfeld MFF185NFW,20065995,49 990¤,,Товар распродан
Миксеры и блендеры,Планетарный миксер Maunfeld MF-431S,20068151,6 990¤,,В наличии
Миксеры и блендеры,Планетарный миксер Maunfeld MF-431CH,20068150,6 990¤,,В наличии
Миксеры и блендеры,Планетарный миксер Maunfeld MF-431BG,20068148,6 990¤,,В наличии
Миксеры и блендеры,Погружной блендер Maunfeld MHBL.1000S,20056618,3 990¤,,В наличии
Миксеры и блендеры,Планетарный миксер Maunfeld MF-431BK,20068149,6 990¤,,В наличии
Миксеры и блендеры,Погружной блендер Maunfeld MHBL.1000W,20056619,3 090¤,,В наличии
Миксеры и блендеры,Блендер Maunfeld MBL.1000CH,20056616,3 990¤,,В наличии
Миксеры и блендеры,Блендер Maunfeld MBL.1000S,20056617,3 890¤,,Товар временно отсутствует в продаже
Плиты газовые и электрические,Электроплитка Maunfeld EVI.F291-BK,20064757,3 990¤,,В наличии
Плиты газовые и электрические,Электрическая плита (50-55 см) Maunfeld MEVCF5451S,20064408,24 990¤,,Товар распродан
Плиты газовые и электрические,Электрическая плита (60 см) Maunfeld MEVCF6465W,20064410,25 990¤,,Товар распродан
Плиты газовые и электрические,Электрическая плита (50-55 см) Maunfeld MEVCF5451W,20064409,22 990¤,,Товар распродан
Плиты газовые и электрические,Электроплитка Maunfeld EVI.F291-I,20064758,4 990¤,,Товар распродан
Посудомоечные машины,Посудомоечная машина (компактная) Maunfeld MLP 06S,20054943,19 990¤,,В наличии
Посудомоечные машины,Посудомоечная машина (60 см) Maunfeld MWF12S,20066246,24 990¤,,В наличии
Посудомоечные машины,Посудомоечная машина (60 см) Maunfeld MWF12I,20066245,22 990¤,,Товар распродан
Грили,Электрогриль Maunfeld MGE2000CH,20066267,6 990¤,,В наличии
Грили,Электрогриль Maunfeld MGE2000BK,20066266,6 990¤,,В наличии
Грили,Электрогриль Maunfeld MGE2000GR,20066268,6 990¤,,В наличии
Чайники,Чайник Maunfeld MRK-119BG,50119524,3 490¤,,В наличии
Чайники,Чайник Maunfeld MRK-119R,50119525,3 490¤,,В наличии
Соковыжималки,Соковыжималка центробежная Maunfeld MJE.1500S,20064753,6 990¤,,В наличии
Соковыжималки,Соковыжималка центробежная Maunfeld MJE.850CH,20056636,3 390¤,,Товар временно отсутствует в продаже
Стиральные машины,Стиральная машина стандартная Maunfeld MFWM14958WS,20066752,38 990¤,,В наличии
Стиральные машины,Стиральная машина стандартная Maunfeld MFWM10852WS,20066750,32 990¤,,В наличии
Тостеры и ростеры,Тостер Maunfeld MFT-847WH,20064750,1 490¤,,Товар распродан
Тостеры и ростеры,Тостер Maunfeld MFT-815BG,20064586,2 090¤,,Товар распродан
Тостеры и ростеры,Тостер Maunfeld MFT-890G.SP,20064751,2 390¤,,Товар распродан
Мультиварки,Мультиварка Maunfeld MPMC-860.10S,20064754,2 790¤,,Товар распродан
